{
    "Rodrigo": {
        "lat": null,
        "lng": null
    },
    "Anthony Jefferson": {
        "lat": -3.45,
        "lng": -3.28
    },
    "Dayane Chagas": {
        "lat": -3.21,
        "lng": -3.78
    },
    "Helano": {
        "lat": -3.25,
        "lng": -3.65
    },
    "Lucas Mesquita": {
        "lat": 5.21,
        "lng": 6.33
    },
    "Anthony": {
        "lat": -3.5,
        "lng": -5.4,
        "online": true
    },
    "Dayane": {
        "lat": -3.5,
        "lng": -5.4,
        "online": false
    }
}